timestamps,open,high,low,close,volume
1791217500,4153.04,4153.78,4150.85,4152.68,1674
1791217800,4152.49,4153.68,4147.49,4149.27,2798
1791218100,4149.27,4149.38,4141.91,4144.3,2500
1791218400,4144.33,4144.41,4137.45,4138.14,2844
1791218700,4138.1,4139.42,4131.17,4138.8,3074
1791219000,4138.9,4144.56,4138.3,4139.87,2532
1791219300,4139.87,4139.93,4134.12,4135.36,2239
1791219600,4135.32,4146.36,4135.09,4138.89,3081
1791219900,4138.71,4147.04,4138.68,4145.7,2578
1791220200,4145.69,4146.36,4140.27,4142.29,2052
1791220500,4142.36,4142.78,4138.79,4139.26,1730
1791220800,4139.26,4142.24,4139.02,4140.39,1831
1791221100,4140.39,4142.17,4136.95,4137.58,1912
1791221400,4137.54,4137.85,4132.62,4134.25,3009
1791221700,4134.29,4138.09,4133.63,4137.61,2084
1791222000,4137.61,4142.34,4136.76,4140.73,1685
1791222300,4140.76,4142.12,4136.85,4141.25,1734
1791222600,4141.19,4146.99,4140.98,4146.31,1733
1791222900,4146.33,4148.27,4143.52,4146.94,1930
1791223200,4147.0,4148.21,4142.7,4143.7,1991
1791223500,4143.71,4143.77,4140.57,4140.81,1748
1791223800,4140.82,4141.56,4137.82,4138.11,2027
1791224100,4138.16,4138.68,4134.71,4136.68,1704
1791224400,4136.63,4137.1,4123.07,4132.7,2471
1791224700,4132.72,4140.9,4132.06,4139.2,1765
1791225000,4139.22,4139.92,4135.84,4137.94,1710
1791225300,4138.01,4138.41,4135.9,4137.84,1368
1791225600,4137.88,4138.93,4135.89,4136.46,1106
1791225900,4136.42,4137.26,4133.83,4137.18,1311
1791226200,4137.22,4138.56,4136.4,4137.65,1137
1791226500,4137.62,4139.39,4136.33,4136.68,1130
1791226800,4136.61,4136.77,4131.73,4132.53,1316
1791227100,4132.56,4133.6,4131.27,4133.5,1137
1791227400,4133.49,4133.83,4129.19,4129.75,1189
1791227700,4129.72,4130.34,4127.03,4128.68,1238
1791228000,4128.66,4130.03,4127.74,4128.99,1206
1791228300,4128.99,4129.34,4126.04,4127.6,1365
1791228600,4127.74,4129.97,4127.31,4128.52,1288
1791228900,4128.65,4130.8,4128.26,4130.35,1086
1791229200,4130.32,4131.23,4129.03,4130.91,856
1791229500,4130.81,4131.13,4128.38,4128.88,847
1791229800,4128.87,4132.18,4128.8,4131.67,810
1791230100,4131.63,4132.79,4129.85,4130.29,1132
1791230400,4130.35,4132.08,4129.07,4130.32,1269
1791230700,4130.34,4130.55,4126.81,4126.94,1014
1791231000,4126.97,4128.68,4125.39,4128.48,1337
1791231300,4128.48,4130.37,4125.95,4127.44,1438
1791231600,4127.37,4130.97,4127.23,4130.52,1093
1791231900,4130.53,4131.03,4128.27,4129.63,1252
1791232200,4129.7,4130.81,4127.97,4129.04,1031
1791232500,4129.02,4130.18,4127.2,4129.62,902
1791232800,4129.61,4133.08,4129.38,4132.3,1034
1791233100,4132.3,4134.04,4131.4,4134.04,776
1791233400,4134.04,4136.64,4134.04,4135.31,784
1791233700,4135.38,4136.8,4135.29,4136.7,736
1791234000,4136.79,4140.3,4136.77,4140.08,995
1791234300,4140.09,4141.67,4138.82,4139.23,1028
1791234600,4139.22,4139.25,4135.27,4136.04,974
1791234900,4136.04,4137.08,4135.32,4135.32,934
1791235200,4135.33,4136.1,4133.6,4133.71,961
1791235500,4133.66,4138.48,4133.52,4137.03,1450
1791235800,4136.97,4140.08,4135.71,4137.08,1512
1791236100,4137.29,4138.55,4135.84,4136.85,1103
1791236400,4136.71,4138.92,4136.39,4137.53,916
1791236700,4137.56,4140.46,4137.42,4139.97,982
1791237000,4139.9,4141.99,4139.23,4141.71,806
1791237300,4141.54,4142.92,4140.97,4142.92,997
1791237600,4142.96,4143.65,4141.7,4142.39,853
1791237900,4142.41,4142.93,4139.46,4139.96,985
1791238200,4140.07,4142.26,4140.0,4140.78,764
1791238500,4140.78,4141.56,4139.09,4140.24,938
1791238800,4140.29,4141.41,4139.95,4140.97,990
1791239100,4140.97,4143.19,4140.89,4142.16,1153
1791239400,4142.1,4143.84,4141.68,4143.51,959
1791239700,4143.51,4143.74,4141.88,4143.14,740
1791240000,4143.13,4144.02,4141.99,4142.26,716
1791240300,4142.26,4142.43,4140.81,4141.23,689
1791240600,4140.95,4141.29,4139.09,4139.21,708
1791240900,4139.24,4141.17,4138.56,4140.64,955
1791248400,4139.24,4144.64,4123.54,4143.34,487
1791248700,4143.26,4144.02,4142.15,4142.83,240
1791249000,4142.55,4142.78,4140.2,4142.51,253
1791249300,4142.51,4143.33,4142.15,4142.74,218
1791249600,4142.49,4143.32,4140.15,4142.93,209
1791249900,4140.56,4143.23,4140.15,4142.58,128
1791250200,4142.58,4144.16,4141.51,4143.71,187
1791250500,4143.76,4144.1,4143.47,4143.96,246
1791250800,4144.04,4145.21,4143.91,4143.96,196
1791251100,4143.89,4144.01,4141.25,4141.74,176
1791251400,4141.74,4141.79,4138.79,4141.14,132
1791251700,4140.99,4141.54,4137.99,4140.84,164
1791252000,4140.84,4141.67,4139.85,4140.39,327
1791252300,4140.27,4140.57,4138.62,4139.21,211
1791252600,4139.21,4139.21,4138.06,4138.35,158
1791252900,4135.82,4139.5,4135.82,4139.09,283
1791253200,4139.09,4140.64,4139.08,4140.59,210
1791253500,4140.53,4140.74,4139.46,4139.99,252
1791253800,4139.88,4140.28,4138.36,4139.61,216
1791254100,4139.65,4140.56,4138.18,4138.67,179
1791254400,4138.6,4138.76,4136.58,4136.85,185
1791254700,4136.85,4136.85,4134.65,4134.82,376
1791255000,4134.81,4135.05,4133.28,4134.8,471
1791255300,4134.8,4135.32,4133.47,4134.04,616
1791255600,4134.04,4137.48,4133.66,4134.86,761
1791255900,4134.82,4135.0,4132.96,4133.61,574
1791256200,4133.66,4136.3,4133.26,4135.79,536
1791256500,4135.91,4141.13,4135.36,4139.93,939
1791256800,4139.93,4141.28,4138.19,4140.49,521
1791257100,4140.49,4141.46,4139.78,4140.59,631
1791257400,4140.53,4144.92,4137.86,4140.75,941
1791257700,4140.84,4142.38,4135.72,4136.44,807
1791258000,4136.44,4138.11,4135.43,4138.03,547
1791258300,4137.99,4145.77,4137.99,4144.88,813
1791258600,4144.88,4146.45,4144.23,4145.85,686
1791258900,4145.84,4151.26,4144.03,4150.78,879
1791259200,4150.68,4152.04,4145.97,4147.54,1463
1791259500,4147.4,4151.79,4146.18,4150.83,1168
1791259800,4150.83,4151.97,4148.31,4149.16,745
1791260100,4148.9,4149.31,4140.89,4141.63,1340
1791260400,4141.61,4142.21,4138.7,4139.43,1347
1791260700,4139.41,4139.56,4135.26,4136.09,1241
1791261000,4136.0,4138.21,4133.67,4135.5,1210
1791261300,4135.5,4137.47,4133.31,4134.06,991
1791261600,4133.73,4134.1,4130.74,4133.0,997
1791261900,4133.0,4133.65,4130.74,4131.22,1068
1791262200,4131.05,4133.46,4129.43,4129.59,1016
1791262500,4129.52,4131.83,4128.67,4130.05,958
1791262800,4129.99,4131.02,4128.34,4128.45,828
1791263100,4128.34,4130.62,4127.98,4129.96,661
1791263400,4129.95,4130.73,4127.8,4130.35,535
1791263700,4130.35,4131.31,4128.64,4129.31,715
1791264000,4129.38,4130.47,4126.9,4128.07,606
1791264300,4128.07,4128.46,4126.19,4126.33,455
1791264600,4126.4,4127.65,4121.47,4122.23,819
1791264900,4122.24,4125.66,4103.53,4121.77,1835
1791265200,4121.88,4123.0,4120.4,4120.94,847
1791265500,4120.94,4128.66,4120.41,4127.69,725
1791265800,4127.54,4138.72,4127.54,4136.0,1256
1791266100,4136.0,4137.68,4128.92,4130.11,1224
1791266400,4130.09,4133.0,4129.07,4132.4,838
1791266700,4132.4,4132.83,4128.93,4129.28,376
1791267000,4129.28,4130.29,4128.25,4128.39,555
1791267300,4128.39,4129.36,4126.49,4129.0,676
1791267600,4129.0,4130.62,4127.89,4129.13,653
1791267900,4129.11,4129.47,4126.12,4127.63,546
1791268200,4127.61,4127.73,4124.46,4124.55,790
1791268500,4124.5,4128.07,4124.46,4125.74,698
1791268800,4125.74,4133.43,4123.76,4131.56,722
1791269100,4131.49,4132.29,4127.98,4131.04,662
1791269400,4131.04,4131.76,4124.19,4124.44,630
1791269700,4124.46,4128.48,4124.44,4128.33,661
1791270000,4128.35,4130.56,4126.92,4130.26,473
1791270300,4130.26,4130.76,4128.78,4129.97,332
1791270600,4130.0,4130.19,4125.69,4125.91,569
1791270900,4125.98,4127.37,4125.53,4127.24,481
1791271200,4127.24,4128.49,4125.81,4127.0,435
1791271500,4127.0,4127.46,4125.59,4127.02,375
1791271800,4126.91,4127.89,4125.18,4125.51,357
1791272100,4125.51,4127.3,4123.39,4123.39,495
1791272400,4123.39,4123.66,4120.44,4121.41,603
1791272700,4121.44,4122.1,4120.4,4120.93,481
1791273000,4120.83,4124.3,4120.15,4123.94,650
1791273300,4123.89,4123.89,4120.98,4121.38,443
1791273600,4121.19,4124.49,4120.8,4123.39,559
1791273900,4123.43,4124.42,4121.21,4121.97,438
1791274200,4121.93,4122.95,4120.28,4122.04,631
1791274500,4121.89,4125.83,4121.23,4123.4,508
1791274800,4123.26,4124.38,4122.38,4123.65,424
1791275100,4123.65,4123.9,4120.18,4121.47,705
1791275400,4121.45,4124.25,4120.0,4123.84,642
1791275700,4123.83,4124.92,4121.56,4121.69,476
1791276000,4121.63,4122.86,4121.24,4121.74,503
1791276300,4121.86,4122.97,4121.17,4122.55,436
1791276600,4122.55,4122.68,4119.71,4120.16,752
1791276900,4120.11,4121.01,4116.78,4119.93,873
1791277200,4119.93,4120.76,4113.12,4116.78,1398
1791277500,4116.74,4120.8,4116.6,4120.62,894
1791277800,4120.69,4123.39,4118.95,4122.61,942
1791278100,4122.72,4128.72,4122.72,4128.18,1388
1791278400,4128.18,4131.23,4126.55,4130.87,1134
1791278700,4130.92,4134.28,4129.25,4133.74,981
1791279000,4133.72,4135.08,4130.59,4130.77,1149
1791279300,4130.72,4132.61,4129.23,4131.35,976
1791279600,4131.34,4131.9,4129.87,4130.42,773
1791279900,4130.42,4134.59,4130.23,4132.46,1074
1791280200,4132.47,4133.22,4129.84,4131.26,678
1791280500,4131.26,4133.14,4130.07,4131.36,925
1791280800,4131.54,4134.22,4129.43,4131.34,1456
1791281100,4131.62,4134.21,4128.98,4130.64,1049
1791281400,4130.6,4137.8,4128.18,4137.8,1220
1791281700,4137.93,4143.13,4137.41,4138.8,1621
1791282000,4138.79,4139.64,4136.8,4137.9,1172
1791282300,4137.8,4138.66,4134.15,4134.69,1110
1791282600,4134.69,4139.72,4132.8,4136.0,1561
1791282900,4135.9,4137.61,4135.1,4136.48,1073
1791283200,4136.48,4138.75,4135.9,4138.08,1003
1791283500,4138.12,4141.58,4137.75,4139.04,1048
1791283800,4139.04,4140.88,4136.93,4140.57,1126
1791284100,4140.57,4141.62,4139.24,4139.86,1236
1791284400,4139.81,4143.81,4139.67,4141.53,1463
1791284700,4141.61,4143.16,4138.5,4140.73,1243
1791285000,4140.74,4141.58,4137.74,4139.8,1249
1791285300,4139.75,4144.23,4139.66,4141.67,1065
1791285600,4141.7,4145.58,4140.69,4144.61,1064
1791285900,4144.68,4147.29,4144.42,4145.96,914
1791286200,4145.96,4149.7,4145.05,4146.28,1183
1791286500,4146.23,4150.59,4145.99,4148.11,1297
1791286800,4148.16,4153.89,4147.36,4152.45,866
1791287100,4152.45,4154.16,4150.27,4150.85,1301
1791287400,4150.88,4153.97,4150.61,4151.93,1020
1791287700,4151.95,4155.51,4150.9,4155.4,951
1791288000,4155.25,4156.68,4153.28,4153.28,1014
1791288300,4153.29,4153.77,4151.72,4152.04,924
1791288600,4152.13,4154.31,4149.8,4149.81,1005
1791288900,4149.84,4156.35,4149.79,4155.6,919
1791289200,4155.63,4157.44,4154.94,4155.81,905
1791289500,4155.81,4157.13,4155.37,4156.57,711
1791289800,4156.54,4158.16,4155.0,4156.96,1262
1791290100,4157.0,4157.1,4154.44,4154.88,996
1791290400,4154.96,4156.55,4153.41,4153.7,792
1791290700,4153.74,4154.15,4152.51,4153.86,780
1791291000,4153.86,4154.54,4151.42,4151.57,740
1791291300,4151.64,4152.91,4150.77,4152.07,799
1791291600,4152.06,4153.65,4151.9,4152.23,704
1791291900,4152.23,4152.77,4150.54,4150.96,750
1791292200,4151.0,4152.69,4150.7,4151.57,805
1791292500,4151.57,4152.13,4148.8,4150.92,821
1791292800,4150.92,4154.05,4150.64,4153.29,793
1791293100,4153.21,4154.83,4151.76,4154.0,724
1791293400,4154.09,4158.14,4154.09,4157.04,687
1791293700,4157.03,4158.87,4156.6,4157.41,642
1791294000,4157.41,4160.67,4157.18,4160.12,777
1791294300,4160.21,4160.51,4157.62,4159.57,724
1791294600,4159.61,4160.68,4158.95,4160.26,502
1791294900,4160.27,4160.46,4158.07,4158.35,554
1791295200,4158.36,4159.56,4157.09,4157.31,945
1791295500,4157.23,4157.59,4155.87,4156.56,813
1791295800,4156.46,4160.86,4156.03,4160.41,1127
1791296100,4160.41,4164.84,4160.41,4163.82,1111
1791296400,4163.82,4165.82,4161.87,4162.75,1180
1791296700,4162.79,4165.36,4162.58,4164.72,1114
1791297000,4164.72,4169.3,4164.62,4168.39,1026
1791297300,4168.27,4171.94,4167.83,4170.07,995
1791297600,4170.08,4172.41,4167.87,4172.01,1210
1791297900,4172.04,4174.07,4169.92,4173.57,1132
1791298200,4173.57,4174.57,4171.8,4173.05,1040
1791298500,4173.08,4174.69,4171.84,4173.41,1013
1791298800,4173.43,4176.99,4173.05,4176.46,1041
1791299100,4176.48,4177.69,4174.66,4175.72,1151
1791299400,4175.79,4179.64,4175.0,4178.27,1218
1791299700,4178.39,4178.5,4173.96,4176.43,1665
1791300000,4176.56,4179.24,4174.55,4178.58,1700
1791300300,4178.54,4179.39,4174.54,4175.7,1312
1791300600,4175.8,4176.7,4170.13,4170.36,1329
1791300900,4170.34,4175.81,4169.84,4174.74,1392
1791301200,4174.68,4175.28,4170.94,4172.32,1276
1791301500,4172.23,4173.09,4166.49,4167.24,1317
1791301800,4167.24,4174.2,4165.68,4168.99,2162
1791302100,4168.99,4171.47,4167.39,4169.91,1309
1791302400,4169.97,4171.41,4167.63,4167.92,1699
1791302700,4167.89,4173.01,4167.89,4172.85,1155
1791303000,4172.99,4174.36,4171.21,4172.22,1093
1791303300,4172.16,4172.28,4162.8,4165.13,1624
1791303600,4165.19,4167.02,4162.87,4164.72,1439
1791303900,4164.69,4164.81,4160.91,4161.23,1405
1791304200,4161.39,4164.87,4160.6,4161.54,2511
1791304500,4161.45,4164.44,4158.94,4159.56,2318
1791304800,4159.53,4159.84,4155.47,4158.27,2217
1791305100,4158.28,4158.28,4154.52,4155.66,1721
1791305400,4155.67,4157.46,4153.31,4153.74,1772
1791305700,4153.74,4155.07,4151.69,4152.42,1843
1791306000,4152.1,4158.0,4151.68,4155.44,1698
1791306300,4155.65,4158.4,4153.17,4155.84,2090
1791306600,4155.79,4156.48,4151.86,4154.69,1662
1791306900,4154.57,4155.14,4147.58,4148.7,1607
1791307200,4148.7,4149.44,4144.15,4146.4,1501
1791307500,4146.4,4146.9,4143.68,4145.91,1745
1791307800,4145.87,4150.77,4143.46,4150.7,1738
1791308100,4150.7,4152.25,4148.82,4149.25,1709
1791308400,4149.26,4152.78,4148.32,4152.67,1618
1791308700,4152.59,4153.06,4148.98,4150.88,1492
1791309000,4150.95,4157.52,4150.81,4155.47,1853
1791309300,4155.5,4156.71,4153.16,4156.13,1340
1791309600,4156.09,4163.54,4155.65,4160.75,1880
1791309900,4160.88,4163.72,4159.08,4160.53,1999
1791310200,4160.55,4163.1,4160.46,4162.5,2070
1791310500,4162.48,4164.69,4161.75,4162.1,2282
1791310800,4162.17,4164.35,4161.02,4163.29,1893
1791311100,4163.35,4164.95,4162.48,4163.13,1768
1791311400,4163.19,4168.88,4161.42,4168.19,1717
1791311700,4168.19,4168.6,4165.09,4166.98,1767
1791312000,4167.07,4169.17,4165.46,4168.85,1466
1791312300,4168.88,4169.24,4164.77,4168.23,1341
1791312600,4168.2,4170.38,4164.03,4164.47,1358
1791312900,4164.44,4165.57,4163.73,4164.54,1370
1791313200,4164.54,4165.85,4162.06,4163.36,1461
1791313500,4163.36,4165.13,4162.2,4162.96,1729
1791313800,4163.02,4163.54,4160.64,4163.03,1372
1791314100,4163.03,4164.56,4161.84,4162.48,1122
1791314400,4162.48,4164.9,4161.91,4163.93,1281
